{"top1_acc": 0.7154, "modification_num": 129, "FLOPs_compression_ratio": 0.4934912919998169, "Para_compression_ratio": 0.6959320902824402, "_timestamp": 1717945026.79258, "_runtime": 15824.043345928192, "_step": 100, "optimal_net_reward": 1.3385899066925049, "generated_net_top1_acc": 0.7154, "optimal_net_index": 1, "overall_fine_tuning_train_loss": 0.009527700563745044, "overall_fine_tuning_top1_acc": 0.7184, "_wandb": {"runtime": 15822}}