{"prune_probability_distribution": [0.005154639016836882, 0.005154639016836882, 0.010309278033673763, 0.010309278033673763, 0.020618556067347527, 0.020618556067347527, 0.020618556067347527, 0.04123711213469505, 0.04123711213469505, 0.04123711213469505, 0.04123711213469505, 0.04123711213469505, 0.04123711213469505, 0.3298968970775604, 0.3298968970775604], "_timestamp": 1717903795.5356371, "_runtime": 9.044581174850464, "_step": 0}